Workbook

Sheet field data
B2: Input data in yellow cells
B4: Bv | C4: 2500 | D4: m | E4: floodplain width
B5: Bbf | C5: 75 | D5: m | E5: bankfull width for sediment transport calculations (~75% of the measured top bankfull channel width)
B6: Hbf | C6: 4.5 | D6: m | E6: bankfull depth
B7: S | C7: 0.00014 | D7: m/m | E7: bed slope
B8: Qbf | C8: 275 | D8: m3/s | E8: bankfull discharge
B9: Cz_bf | C9: =C8/(C5*C6*((9.81*C7*C6)^0.5)) -> 10.364638 | D9: - | E9: non-dimensional Chezy coefficient at bankfull flow
B10: W | C10: 1.9 | E10: channel sinuosity
B11: Sv | C11: =C10*C7 -> 0.000266 | D11: m/m | E11: valley slope
B12: Cff | C12: 5 | E12: non-dimensional floodplain Chezy coefficient
B14: Flow duration curve at Columbia | G14: Bed surface grain size distribution | L14: Site-specific relation for suspended sand load
B16: Qi | C16: pi | G16: Dj | H16: Fj
B17: m3/s | C17: - | G17: mm | H17: -
B18: 110 | C18: 0.58248479 | G18: 3.71 | H18: 1 | L18: Q is in m3/s
B19: 325 | C19: 0.31936628 | G19: 2 | H19: 0.91 | L19: Qsusp sand is in tons/day
B20: 575 | C20: 0.052604184 | G20: 1.4 | H20: 0.74
B21: 825 | C21: 0.020039689 | G21: 0.85 | H21: 0.55
B22: 1075 | C22: 0.011678975 | G22: 0.71 | H22: 0.42
B23: 1325 | C23: 0.0056280295 | G23: 0.6 | H23: 0.3
B24: 1575 | C24: 0.003448388 | G24: 0.5 | H24: 0.18
B25: 1825 | C25: 0.0016265981 | G25: 0.425 | H25: 0.1
B26: 2075 | C26: 0.0011711507 | G26: 0.3 | H26: 0.025
B27: 2450 | C27: 0.0011060867 | G27: 0.15 | H27: 0.004
B28: 2950 | C28: 0.0005205114 | G28: 0.075 | H28: 0
B29: 3450 | C29: 0.00022772374
B30: 3950 | C30: 6.5063925e-05
B31: 4450 | C31: 3.2531963e-05

Sheet stage-discharge
B3: Qi | C3: Hc1 | D3: Hf | E3: obj.
B4: m3/s | C4: m | D4: m
B5: 110 | C5: =(((B5/('field data'!$C$5*'field data'!$C$9))^2)/(9.81*'field data'!$C$7))^(1/3) -> 2.4429759 | D5: =IF(C5>'field data'!$C$6,'stage-discharge'!C5-'field data'!$C$6,0) -> 0 | E5: =(C5*'field data'!$C$5*'field data'!$C$9*((9.81*'field data'!$C$7*'stage-discharge'!C5)^0.5))+'stage-discharge'!D5*'field data'!$C$4*'field data'!$C$12*((9.81*'field data'!$C$11*'stage-discharge'!D5)^0.5)-B5 -> 0
B6: 325 | C6: 4.6479268 | D6: =IF(C6>'field data'!$C$6,'stage-discharge'!C6-'field data'!$C$6,0) -> 0.14792684 | E6: =(C6*'field data'!$C$5*'field data'!$C$9*((9.81*'field data'!$C$7*'stage-discharge'!C6)^0.5))+'stage-discharge'!D6*'field data'!$C$4*'field data'!$C$12*((9.81*'field data'!$C$11*'stage-discharge'!D6)^0.5)-B6 -> -9.680584e-06
B7: 575 | C7: 5.0345702 | D7: =IF(C7>'field data'!$C$6,'stage-discharge'!C7-'field data'!$C$6,0) -> 0.53457021 | E7: =(C7*'field data'!$C$5*'field data'!$C$9*((9.81*'field data'!$C$7*'stage-discharge'!C7)^0.5))+'stage-discharge'!D7*'field data'!$C$4*'field data'!$C$12*((9.81*'field data'!$C$11*'stage-discharge'!D7)^0.5)-B7 -> 1.1514203e-07
B8: 825 | C8: 5.3172751 | D8: =IF(C8>'field data'!$C$6,'stage-discharge'!C8-'field data'!$C$6,0) -> 0.81727515 | E8: =(C8*'field data'!$C$5*'field data'!$C$9*((9.81*'field data'!$C$7*'stage-discharge'!C8)^0.5))+'stage-discharge'!D8*'field data'!$C$4*'field data'!$C$12*((9.81*'field data'!$C$11*'stage-discharge'!D8)^0.5)-B8 -> -6.2745517e-07
B9: 1075 | C9: 5.5604231 | D9: =IF(C9>'field data'!$C$6,'stage-discharge'!C9-'field data'!$C$6,0) -> 1.0604231 | E9: =(C9*'field data'!$C$5*'field data'!$C$9*((9.81*'field data'!$C$7*'stage-discharge'!C9)^0.5))+'stage-discharge'!D9*'field data'!$C$4*'field data'!$C$12*((9.81*'field data'!$C$11*'stage-discharge'!D9)^0.5)-B9 -> -2.2634517e-05
B10: 1325 | C10: 5.7799856 | D10: =IF(C10>'field data'!$C$6,'stage-discharge'!C10-'field data'!$C$6,0) -> 1.2799856 | E10: =(C10*'field data'!$C$5*'field data'!$C$9*((9.81*'field data'!$C$7*'stage-discharge'!C10)^0.5))+'stage-discharge'!D10*'field data'!$C$4*'field data'!$C$12*((9.81*'field data'!$C$11*'stage-discharge'!D10)^0.5)-B10 -> 0.00019675723
B11: 1575 | C11: 5.9831793 | D11: =IF(C11>'field data'!$C$6,'stage-discharge'!C11-'field data'!$C$6,0) -> 1.4831793 | E11: =(C11*'field data'!$C$5*'field data'!$C$9*((9.81*'field data'!$C$7*'stage-discharge'!C11)^0.5))+'stage-discharge'!D11*'field data'!$C$4*'field data'!$C$12*((9.81*'field data'!$C$11*'stage-discharge'!D11)^0.5)-B11 -> -1.8546189e-08
B12: 1825 | C12: 6.1740528 | D12: =IF(C12>'field data'!$C$6,'stage-discharge'!C12-'field data'!$C$6,0) -> 1.6740528 | E12: =(C12*'field data'!$C$5*'field data'!$C$9*((9.81*'field data'!$C$7*'stage-discharge'!C12)^0.5))+'stage-discharge'!D12*'field data'!$C$4*'field data'!$C$12*((9.81*'field data'!$C$11*'stage-discharge'!D12)^0.5)-B12 -> -2.8066334e-05
B13: 2075 | C13: 6.3551664 | D13: =IF(C13>'field data'!$C$6,'stage-discharge'!C13-'field data'!$C$6,0) -> 1.8551664 | E13: =(C13*'field data'!$C$5*'field data'!$C$9*((9.81*'field data'!$C$7*'stage-discharge'!C13)^0.5))+'stage-discharge'!D13*'field data'!$C$4*'field data'!$C$12*((9.81*'field data'!$C$11*'stage-discharge'!D13)^0.5)-B13 -> 1.3828412e-07
B14: 2450 | C14: 6.6122269 | D14: =IF(C14>'field data'!$C$6,'stage-discharge'!C14-'field data'!$C$6,0) -> 2.1122269 | E14: =(C14*'field data'!$C$5*'field data'!$C$9*((9.81*'field data'!$C$7*'stage-discharge'!C14)^0.5))+'stage-discharge'!D14*'field data'!$C$4*'field data'!$C$12*((9.81*'field data'!$C$11*'stage-discharge'!D14)^0.5)-B14 -> 9.7453481e-06
B15: 2950 | C15: 6.9335333 | D15: =IF(C15>'field data'!$C$6,'stage-discharge'!C15-'field data'!$C$6,0) -> 2.4335333 | E15: =(C15*'field data'!$C$5*'field data'!$C$9*((9.81*'field data'!$C$7*'stage-discharge'!C15)^0.5))+'stage-discharge'!D15*'field data'!$C$4*'field data'!$C$12*((9.81*'field data'!$C$11*'stage-discharge'!D15)^0.5)-B15 -> 2.9478315e-07
B16: 3450 | C16: 7.2357148 | D16: =IF(C16>'field data'!$C$6,'stage-discharge'!C16-'field data'!$C$6,0) -> 2.7357148 | E16: =(C16*'field data'!$C$5*'field data'!$C$9*((9.81*'field data'!$C$7*'stage-discharge'!C16)^0.5))+'stage-discharge'!D16*'field data'!$C$4*'field data'!$C$12*((9.81*'field data'!$C$11*'stage-discharge'!D16)^0.5)-B16 -> 1.9948154e-05
B17: 3950 | C17: 7.52267 | D17: =IF(C17>'field data'!$C$6,'stage-discharge'!C17-'field data'!$C$6,0) -> 3.02267 | E17: =(C17*'field data'!$C$5*'field data'!$C$9*((9.81*'field data'!$C$7*'stage-discharge'!C17)^0.5))+'stage-discharge'!D17*'field data'!$C$4*'field data'!$C$12*((9.81*'field data'!$C$11*'stage-discharge'!D17)^0.5)-B17 -> 0.00020440059
B18: 4450 | C18: 7.797085 | D18: =IF(C18>'field data'!$C$6,'stage-discharge'!C18-'field data'!$C$6,0) -> 3.297085 | E18: =(C18*'field data'!$C$5*'field data'!$C$9*((9.81*'field data'!$C$7*'stage-discharge'!C18)^0.5))+'stage-discharge'!D18*'field data'!$C$4*'field data'!$C$12*((9.81*'field data'!$C$11*'stage-discharge'!D18)^0.5)-B18 -> 2.2668073e-05
