Workbook

Sheet field data
B2: Input data in yellow cells
B4: Bv | C4: 2500 | D4: m | E4: floodplain width
B5: Bbf | C5: 75 | D5: m | E5: bankfull width for sediment transport calculations (~75% of the measured top bankfull channel width)
B6: Hbf | C6: 4.5 | D6: m | E6: bankfull depth
B7: S | C7: 0.00014 | D7: m/m | E7: bed slope
B8: Qbf | C8: 275 | D8: m3/s | E8: bankfull discharge
A9: =1/C9^2 -> 0.0093087576 | B9: Cz_bf | C9: =C8/(C5*C6*((9.81*C7*C6)^0.5)) -> 10.364638 | D9: - | E9: non-dimensional Chezy coefficient at bankfull flow
B10: W | C10: 1.9 | E10: channel sinuosity
B11: Sv | C11: =C10*C7 -> 0.000266 | D11: m/m | E11: valley slope
B12: Cff | C12: 5 | E12: non-dimensional floodplain Chezy coefficient
B14: Flow duration curve at Columbia | G14: Bed surface grain size distribution | L14: Site-specific relation for suspended sand load
B16: Qi | C16: pi | D16: Qsusp sand | E16: pi*Qsusp | G16: Dbj | H16: Ffj
B17: m3/s | C17: - | D17: tons/day | E17: tons/day | G17: mm | H17: -
B18: 110 | C18: 0.58248479 | D18: =0.00145*(B18^1.965) -> 14.883485 | E18: =D18*C18 -> 8.6694035 | G18: 3.71 | H18: 1 | L18: Q is in m3/s
B19: 325 | C19: 0.31936628 | D19: =0.00145*(B19^1.965) -> 125.08891 | E19: =D19*C19 -> 39.949179 | G19: 2 | H19: 0.91 | L19: Qsusp sand is in tons/day
B20: 575 | C20: 0.052604184 | D20: =0.00145*(B20^1.965) -> 383.80914 | E20: =D20*C20 -> 20.189967 | G20: 1.4 | H20: 0.74
B21: 825 | C21: 0.020039689 | D21: =0.00145*(B21^1.965) -> 780.18934 | E21: =D21*C21 -> 15.634752 | G21: 0.85 | H21: 0.55
B22: 1075 | C22: 0.011678975 | D22: =0.00145*(B22^1.965) -> 1312.4587 | E22: =D22*C22 -> 15.328171 | G22: 0.71 | H22: 0.42
B23: 1325 | C23: 0.0056280295 | D23: =0.00145*(B23^1.965) -> 1979.3482 | E23: =D23*C23 -> 11.13983 | G23: 0.6 | H23: 0.3
B24: 1575 | C24: 0.003448388 | D24: =0.00145*(B24^1.965) -> 2779.8688 | E24: =D24*C24 -> 9.5860663 | G24: 0.5 | H24: 0.18
B25: 1825 | C25: 0.0016265981 | D25: =0.00145*(B25^1.965) -> 3713.2102 | E25: =D25*C25 -> 6.0399008 | G25: 0.425 | H25: 0.1
B26: 2075 | C26: 0.0011711507 | D26: =0.00145*(B26^1.965) -> 4778.6868 | E26: =D26*C26 -> 5.5965622 | G26: 0.3 | H26: 0.025
B27: 2450 | C27: 0.0011060867 | D27: =0.00145*(B27^1.965) -> 6623.3752 | E27: =D27*C27 -> 7.3260274 | G27: 0.15 | H27: 0.004
B28: 2950 | C28: 0.0005205114 | D28: =0.00145*(B28^1.965) -> 9540.4369 | E28: =D28*C28 -> 4.9659062 | G28: 0.075 | H28: 0
B29: 3450 | C29: 0.00022772374 | D29: =0.00145*(B29^1.965) -> 12977.246 | E29: =D29*C29 -> 2.9552269
B30: 3950 | C30: 6.5063925e-05 | D30: =0.00145*(B30^1.965) -> 16930.949 | E30: =D30*C30 -> 1.101594
B31: 4450 | C31: 3.2531963e-05 | D31: =0.00145*(B31^1.965) -> 21399.096 | E31: =D31*C31 -> 0.69615459
C32: =SUM(C18:C31) -> 1 | D32: Gasusp | E32: =SUM(E18:E31)*365.25 -> 54487.535 | F32: tons/yr
D33: If | E33: =E32/'stage-discharge'!O22 -> 0.68239453

Sheet stage-discharge
I2: A | J2: =3.88*0.00000013 -> 5.044e-07 | T2: zetab | U2: 0.05
T3: Dz/H | U3: 0.05
B5: Qi | C5: Hc1 | D5: Hf | E5: obj. | F5: tau_star | G5: taustars | H5: taustars/taustar | I5: ustars | J5: Zu | K5: E | L5: ustar | M5: kc | N5: qs | O5: Gs | P5: Gs*pi | S5: sum | T5: z/H
B6: m3/s | C6: m | D6: m | I6: m/s | K6: - | L6: m/s | M6: m | N6: m2/s | O6: tons/yr | P6: tons/yr | S6: I | T6: 0.075 | U6: =T6+0.05 -> 0.125 | V6: =U6+0.05 -> 0.175 | W6: =V6+0.05 -> 0.225 | X6: =W6+0.05 -> 0.275 | Y6: =X6+0.05 -> 0.325 | Z6: =Y6+0.05 -> 0.375 | AA6: =Z6+0.05 -> 0.425 | AB6: =AA6+0.05 -> 0.475 | ... AL6: =AK6+0.05 -> 0.975
B7: 110 | C7: =(((B7/('field data'!$C$5*'field data'!$C$9))^2)/(9.81*'field data'!$C$7))^(1/3) -> 2.4429759 | D7: =IF(C7>'field data'!$C$6,'stage-discharge'!C7-'field data'!$C$6,0) -> 0 | E7: =(C7*'field data'!$C$5*'field data'!$C$9*((9.81*'field data'!$C$7*'stage-discharge'!C7)^0.5))+'stage-discharge'!D7*'field data'!$C$4*'field data'!$C$12*((9.81*'field data'!$C$11*'stage-discharge'!D7)^0.5)-B7 -> 0 | F7: =C7*'field data'!$C$7/(1.65*grain_size_calculator!$G$17/1000) -> 0.23909021 | G7: =IF(F7>0.06+0.4*(F7^2),0.06+0.4*(F7^2),F7) -> 0.082865652 | H7: =G7/F7 -> 0.34658739 | I7: =(G7*1.65*9.81*(grain_size_calculator!$G$17/1000))^0.5 -> 0.034100794 | J7: =I7*(grain_size_calculator!$G$18^0.6)/grain_size_calculator!$G$20 -> 4.061954 | K7: =$J$2*(J7^5)/((1+$J$2*J7^5)/0.3) -> 0.00016723577 | L7: =(F7*1.65*9.81*(grain_size_calculator!$G$17/1000))^0.5 -> 0.057923942 | M7: =11*C7/(EXP(0.41*'field data'!$C$9)) -> 0.38351007 | N7: =K7*L7*C7*S7/0.41 -> 6.920235e-07 | O7: =N7*'field data'!$C$5*(1.65+1)*60*60*24*365.25 -> 4340.4219 | P7: =O7*'field data'!C18 -> 2528.2297 | S7: =SUM(T7:AL7)*$U$3 -> 0.011989422 | T7: =(((1-T$6)*$U$2/(T$6*(1-$U$2)))^(grain_size_calculator!$G$20/(0.41*'stage-discharge'!$L7)))*LN(30*$C7*T$6/'stage-discharge'!$M7) -> 0.22745125 | U7: =(((1-U$6)*$U$2/(U$6*(1-$U$2)))^(grain_size_calculator!$G$20/(0.41*'stage-discharge'!$L7)))*LN(30*$C7*U$6/'stage-discharge'!$M7) -> 0.010783388 | V7: =(((1-V$6)*$U$2/(V$6*(1-$U$2)))^(grain_size_calculator!$G$20/(0.41*'stage-discharge'!$L7)))*LN(30*$C7*V$6/'stage-discharge'!$M7) -> 0.0012564648 | W7: =(((1-W$6)*$U$2/(W$6*(1-$U$2)))^(grain_size_calculator!$G$20/(0.41*'stage-discharge'!$L7)))*LN(30*$C7*W$6/'stage-discharge'!$M7) -> 0.00022555817 | X7: =(((1-X$6)*$U$2/(X$6*(1-$U$2)))^(grain_size_calculator!$G$20/(0.41*'stage-discharge'!$L7)))*LN(30*$C7*X$6/'stage-discharge'!$M7) -> 5.1856869e-05 | Y7: =(((1-Y$6)*$U$2/(Y$6*(1-$U$2)))^(grain_size_calculator!$G$20/(0.41*'stage-discharge'!$L7)))*LN(30*$C7*Y$6/'stage-discharge'!$M7) -> 1.3900906e-05 | Z7: =(((1-Z$6)*$U$2/(Z$6*(1-$U$2)))^(grain_size_calculator!$G$20/(0.41*'stage-discharge'!$L7)))*LN(30*$C7*Z$6/'stage-discharge'!$M7) -> 4.1092143e-06 | AA7: =(((1-AA$6)*$U$2/(AA$6*(1-$U$2)))^(grain_size_calculator!$G$20/(0.41*'stage-discharge'!$L7)))*LN(30*$C7*AA$6/'stage-discharge'!$M7) -> 1.2903092e-06 | ... AL7: =(((1-AL$6)*$U$2/(AL$6*(1-$U$2)))^(grain_size_calculator!$G$20/(0.41*'stage-discharge'!$L7)))*LN(30*$C7*AL$6/'stage-discharge'!$M7) -> 2.4024853e-16
B8: 325 | C8: 4.6479268 | D8: =IF(C8>'field data'!$C$6,'stage-discharge'!C8-'field data'!$C$6,0) -> 0.14792684 | E8: =(C8*'field data'!$C$5*'field data'!$C$9*((9.81*'field data'!$C$7*'stage-discharge'!C8)^0.5))+'stage-discharge'!D8*'field data'!$C$4*'field data'!$C$12*((9.81*'field data'!$C$11*'stage-discharge'!D8)^0.5)-B8 -> -9.680584e-06 | F8: =C8*'field data'!$C$7/(1.65*grain_size_calculator!$G$17/1000) -> 0.4548853 | G8: =IF(F8>0.06+0.4*(F8^2),0.06+0.4*(F8^2),F8) -> 0.14276826 | H8: =G8/F8 -> 0.3138555 | I8: =(G8*1.65*9.81*(grain_size_calculator!$G$17/1000))^0.5 -> 0.044760305 | J8: =I8*(grain_size_calculator!$G$18^0.6)/grain_size_calculator!$G$20 -> 5.3316736 | K8: =$J$2*(J8^5)/((1+$J$2*J8^5)/0.3) -> 0.00065053599 | L8: =(F8*1.65*9.81*(grain_size_calculator!$G$17/1000))^0.5 -> 0.079896575 | M8: =11*C8/(EXP(0.41*'field data'!$C$9)) -> 0.72965386 | N8: =K8*L8*C8*S8/0.41 -> 1.5179176e-05 | O8: =N8*'field data'!$C$5*(1.65+1)*60*60*24*365.25 -> 95204.9 | P8: =O8*'field data'!C19 -> 30405.234 | S8: =SUM(T8:AL8)*$U$3 -> 0.025761626 | T8: =(((1-T$6)*$U$2/(T$6*(1-$U$2)))^(grain_size_calculator!$G$20/(0.41*'stage-discharge'!$L8)))*LN(30*$C8*T$6/'stage-discharge'!$M8) -> 0.44741928 | U8: =(((1-U$6)*$U$2/(U$6*(1-$U$2)))^(grain_size_calculator!$G$20/(0.41*'stage-discharge'!$L8)))*LN(30*$C8*U$6/'stage-discharge'!$M8) -> 0.051487128 | V8: =(((1-V$6)*$U$2/(V$6*(1-$U$2)))^(grain_size_calculator!$G$20/(0.41*'stage-discharge'!$L8)))*LN(30*$C8*V$6/'stage-discharge'!$M8) -> 0.011139974 | W8: =(((1-W$6)*$U$2/(W$6*(1-$U$2)))^(grain_size_calculator!$G$20/(0.41*'stage-discharge'!$L8)))*LN(30*$C8*W$6/'stage-discharge'!$M8) -> 0.0032687553 | X8: =(((1-X$6)*$U$2/(X$6*(1-$U$2)))^(grain_size_calculator!$G$20/(0.41*'stage-discharge'!$L8)))*LN(30*$C8*X$6/'stage-discharge'!$M8) -> 0.0011421452 | Y8: =(((1-Y$6)*$U$2/(Y$6*(1-$U$2)))^(grain_size_calculator!$G$20/(0.41*'stage-discharge'!$L8)))*LN(30*$C8*Y$6/'stage-discharge'!$M8) -> 0.00044476806 | Z8: =(((1-Z$6)*$U$2/(Z$6*(1-$U$2)))^(grain_size_calculator!$G$20/(0.41*'stage-discharge'!$L8)))*LN(30*$C8*Z$6/'stage-discharge'!$M8) -> 0.00018555769 | AA8: =(((1-AA$6)*$U$2/(AA$6*(1-$U$2)))^(grain_size_calculator!$G$20/(0.41*'stage-discharge'!$L8)))*LN(30*$C8*AA$6/'stage-discharge'!$M8) -> 8.0763043e-05 | ... AL8: =(((1-AL$6)*$U$2/(AL$6*(1-$U$2)))^(grain_size_calculator!$G$20/(0.41*'stage-discharge'!$L8)))*LN(30*$C8*AL$6/'stage-discharge'!$M8) -> 7.4770352e-12
B9: 575 | C9: 5.0345702 | D9: =IF(C9>'field data'!$C$6,'stage-discharge'!C9-'field data'!$C$6,0) -> 0.53457021 | E9: =(C9*'field data'!$C$5*'field data'!$C$9*((9.81*'field data'!$C$7*'stage-discharge'!C9)^0.5))+'stage-discharge'!D9*'field data'!$C$4*'field data'!$C$12*((9.81*'field data'!$C$11*'stage-discharge'!D9)^0.5)-B9 -> 1.1514203e-07 | F9: =C9*'field data'!$C$7/(1.65*grain_size_calculator!$G$17/1000) -> 0.49272548 | G9: =IF(F9>0.06+0.4*(F9^2),0.06+0.4*(F9^2),F9) -> 0.15711136 | H9: =G9/F9 -> 0.31886185 | I9: =(G9*1.65*9.81*(grain_size_calculator!$G$17/1000))^0.5 -> 0.046954909 | J9: =I9*(grain_size_calculator!$G$18^0.6)/grain_size_calculator!$G$20 -> 5.5930863 | K9: =$J$2*(J9^5)/((1+$J$2*J9^5)/0.3) -> 0.0008259554 | L9: =(F9*1.65*9.81*(grain_size_calculator!$G$17/1000))^0.5 -> 0.083153345 | M9: =11*C9/(EXP(0.41*'field data'!$C$9)) -> 0.79035099 | N9: =K9*L9*C9*S9/0.41 -> 2.3667761e-05 | O9: =N9*'field data'!$C$5*(1.65+1)*60*60*24*365.25 -> 148445.93 | P9: =O9*'field data'!C20 -> 7808.8768 | S9: =SUM(T9:AL9)*$U$3 -> 0.028063531 | T9: =(((1-T$6)*$U$2/(T$6*(1-$U$2)))^(grain_size_calculator!$G$20/(0.41*'stage-discharge'!$L9)))*LN(30*$C9*T$6/'stage-discharge'!$M9) -> 0.47979067 | U9: =(((1-U$6)*$U$2/(U$6*(1-$U$2)))^(grain_size_calculator!$G$20/(0.41*'stage-discharge'!$L9)))*LN(30*$C9*U$6/'stage-discharge'!$M9) -> 0.060506006 | V9: =(((1-V$6)*$U$2/(V$6*(1-$U$2)))^(grain_size_calculator!$G$20/(0.41*'stage-discharge'!$L9)))*LN(30*$C9*V$6/'stage-discharge'!$M9) -> 0.013955204 | W9: =(((1-W$6)*$U$2/(W$6*(1-$U$2)))^(grain_size_calculator!$G$20/(0.41*'stage-discharge'!$L9)))*LN(30*$C9*W$6/'stage-discharge'!$M9) -> 0.0043079096 | X9: =(((1-X$6)*$U$2/(X$6*(1-$U$2)))^(grain_size_calculator!$G$20/(0.41*'stage-discharge'!$L9)))*LN(30*$C9*X$6/'stage-discharge'!$M9) -> 0.0015717198 | Y9: =(((1-Y$6)*$U$2/(Y$6*(1-$U$2)))^(grain_size_calculator!$G$20/(0.41*'stage-discharge'!$L9)))*LN(30*$C9*Y$6/'stage-discharge'!$M9) -> 0.00063610933 | Z9: =(((1-Z$6)*$U$2/(Z$6*(1-$U$2)))^(grain_size_calculator!$G$20/(0.41*'stage-discharge'!$L9)))*LN(30*$C9*Z$6/'stage-discharge'!$M9) -> 0.00027499587 | AA9: =(((1-AA$6)*$U$2/(AA$6*(1-$U$2)))^(grain_size_calculator!$G$20/(0.41*'stage-discharge'!$L9)))*LN(30*$C9*AA$6/'stage-discharge'!$M9) -> 0.00012379422 | ... AL9: =(((1-AL$6)*$U$2/(AL$6*(1-$U$2)))^(grain_size_calculator!$G$20/(0.41*'stage-discharge'!$L9)))*LN(30*$C9*AL$6/'stage-discharge'!$M9) -> 2.175863e-11
B10: 825 | C10: 5.3172751 | D10: =IF(C10>'field data'!$C$6,'stage-discharge'!C10-'field data'!$C$6,0) -> 0.81727515 | E10: =(C10*'field data'!$C$5*'field data'!$C$9*((9.81*'field data'!$C$7*'stage-discharge'!C10)^0.5))+'stage-discharge'!D10*'field data'!$C$4*'field data'!$C$12*((9.81*'field data'!$C$11*'stage-discharge'!D10)^0.5)-B10 -> -6.2745517e-07 | F10: =C10*'field data'!$C$7/(1.65*grain_size_calculator!$G$17/1000) -> 0.52039337 | G10: =IF(F10>0.06+0.4*(F10^2),0.06+0.4*(F10^2),F10) -> 0.1683237 | H10: =G10/F10 -> 0.32345474 | I10: =(G10*1.65*9.81*(grain_size_calculator!$G$17/1000))^0.5 -> 0.04860152 | J10: =I10*(grain_size_calculator!$G$18^0.6)/grain_size_calculator!$G$20 -> 5.7892242 | K10: =$J$2*(J10^5)/((1+$J$2*J10^5)/0.3) -> 0.00098078994 | L10: =(F10*1.65*9.81*(grain_size_calculator!$G$17/1000))^0.5 -> 0.085456104 | M10: =11*C10/(EXP(0.41*'field data'!$C$9)) -> 0.83473137 | N10: =K10*L10*C10*S10/0.41 -> 3.2314151e-05 | O10: =N10*'field data'!$C$5*(1.65+1)*60*60*24*365.25 -> 202676.71 | P10: =O10*'field data'!C21 -> 4061.5783 | S10: =SUM(T10:AL10)*$U$3 -> 0.029728184 | T10: =(((1-T$6)*$U$2/(T$6*(1-$U$2)))^(grain_size_calculator!$G$20/(0.41*'stage-discharge'!$L10)))*LN(30*$C10*T$6/'stage-discharge'!$M10) -> 0.50246602 | U10: =(((1-U$6)*$U$2/(U$6*(1-$U$2)))^(grain_size_calculator!$G$20/(0.41*'stage-discharge'!$L10)))*LN(30*$C10*U$6/'stage-discharge'!$M10) -> 0.067319252 | V10: =(((1-V$6)*$U$2/(V$6*(1-$U$2)))^(grain_size_calculator!$G$20/(0.41*'stage-discharge'!$L10)))*LN(30*$C10*V$6/'stage-discharge'!$M10) -> 0.016196571 | W10: =(((1-W$6)*$U$2/(W$6*(1-$U$2)))^(grain_size_calculator!$G$20/(0.41*'stage-discharge'!$L10)))*LN(30*$C10*W$6/'stage-discharge'!$M10) -> 0.0051703299 | X10: =(((1-X$6)*$U$2/(X$6*(1-$U$2)))^(grain_size_calculator!$G$20/(0.41*'stage-discharge'!$L10)))*LN(30*$C10*X$6/'stage-discharge'!$M10) -> 0.0019410415 | Y10: =(((1-Y$6)*$U$2/(Y$6*(1-$U$2)))^(grain_size_calculator!$G$20/(0.41*'stage-discharge'!$L10)))*LN(30*$C10*Y$6/'stage-discharge'!$M10) -> 0.00080586191 | Z10: =(((1-Z$6)*$U$2/(Z$6*(1-$U$2)))^(grain_size_calculator!$G$20/(0.41*'stage-discharge'!$L10)))*LN(30*$C10*Z$6/'stage-discharge'!$M10) -> 0.00035667108 | AA10: =(((1-AA$6)*$U$2/(AA$6*(1-$U$2)))^(grain_size_calculator!$G$20/(0.41*'stage-discharge'!$L10)))*LN(30*$C10*AA$6/'stage-discharge'!$M10) -> 0.00016418008 | ... AL10: =(((1-AL$6)*$U$2/(AL$6*(1-$U$2)))^(grain_size_calculator!$G$20/(0.41*'stage-discharge'!$L10)))*LN(30*$C10*AL$6/'stage-discharge'!$M10) -> 4.4086205e-11
B11: 1075 | C11: 5.5604231 | D11: =IF(C11>'field data'!$C$6,'stage-discharge'!C11-'field data'!$C$6,0) -> 1.0604231 | E11: =(C11*'field data'!$C$5*'field data'!$C$9*((9.81*'field data'!$C$7*'stage-discharge'!C11)^0.5))+'stage-discharge'!D11*'field data'!$C$4*'field data'!$C$12*((9.81*'field data'!$C$11*'stage-discharge'!D11)^0.5)-B11 -> -2.2634517e-05 | F11: =C11*'field data'!$C$7/(1.65*grain_size_calculator!$G$17/1000) -> 0.54418988 | G11: =IF(F11>0.06+0.4*(F11^2),0.06+0.4*(F11^2),F11) -> 0.17845705 | H11: =G11/F11 -> 0.32793159 | I11: =(G11*1.65*9.81*(grain_size_calculator!$G$17/1000))^0.5 -> 0.050043084 | J11: =I11*(grain_size_calculator!$G$18^0.6)/grain_size_calculator!$G$20 -> 5.9609377 | K11: =$J$2*(J11^5)/((1+$J$2*J11^5)/0.3) -> 0.0011345502 | L11: =(F11*1.65*9.81*(grain_size_calculator!$G$17/1000))^0.5 -> 0.087388129 | M11: =11*C11/(EXP(0.41*'field data'!$C$9)) -> 0.8729019 | N11: =K11*L11*C11*S11/0.41 -> 4.188262e-05 | O11: =N11*'field data'!$C$5*(1.65+1)*60*60*24*365.25 -> 262690.85 | P11: =O11*'field data'!C22 -> 3067.9598 | S11: =SUM(T11:AL11)*$U$3 -> 0.031148255 | T11: =(((1-T$6)*$U$2/(T$6*(1-$U$2)))^(grain_size_calculator!$G$20/(0.41*'stage-discharge'!$L11)))*LN(30*$C11*T$6/'stage-discharge'!$M11) -> 0.52133571 | U11: =(((1-U$6)*$U$2/(U$6*(1-$U$2)))^(grain_size_calculator!$G$20/(0.41*'stage-discharge'!$L11)))*LN(30*$C11*U$6/'stage-discharge'!$M11) -> 0.073305287 | V11: =(((1-V$6)*$U$2/(V$6*(1-$U$2)))^(grain_size_calculator!$G$20/(0.41*'stage-discharge'!$L11)))*LN(30*$C11*V$6/'stage-discharge'!$M11) -> 0.018241714 | W11: =(((1-W$6)*$U$2/(W$6*(1-$U$2)))^(grain_size_calculator!$G$20/(0.41*'stage-discharge'!$L11)))*LN(30*$C11*W$6/'stage-discharge'!$M11) -> 0.0059812033 | X11: =(((1-X$6)*$U$2/(X$6*(1-$U$2)))^(grain_size_calculator!$G$20/(0.41*'stage-discharge'!$L11)))*LN(30*$C11*X$6/'stage-discharge'!$M11) -> 0.0022972647 | Y11: =(((1-Y$6)*$U$2/(Y$6*(1-$U$2)))^(grain_size_calculator!$G$20/(0.41*'stage-discharge'!$L11)))*LN(30*$C11*Y$6/'stage-discharge'!$M11) -> 0.00097336086 | Z11: =(((1-Z$6)*$U$2/(Z$6*(1-$U$2)))^(grain_size_calculator!$G$20/(0.41*'stage-discharge'!$L11)))*LN(30*$C11*Z$6/'stage-discharge'!$M11) -> 0.00043896971 | AA11: =(((1-AA$6)*$U$2/(AA$6*(1-$U$2)))^(grain_size_calculator!$G$20/(0.41*'stage-discharge'!$L11)))*LN(30*$C11*AA$6/'stage-discharge'!$M11) -> 0.0002056903 | ... AL11: =(((1-AL$6)*$U$2/(AL$6*(1-$U$2)))^(grain_size_calculator!$G$20/(0.41*'stage-discharge'!$L11)))*LN(30*$C11*AL$6/'stage-discharge'!$M11) -> 7.7469832e-11
B12: 1325 | C12: 5.7799856 | D12: =IF(C12>'field data'!$C$6,'stage-discharge'!C12-'field data'!$C$6,0) -> 1.2799856 | E12: =(C12*'field data'!$C$5*'field data'!$C$9*((9.81*'field data'!$C$7*'stage-discharge'!C12)^0.5))+'stage-discharge'!D12*'field data'!$C$4*'field data'!$C$12*((9.81*'field data'!$C$11*'stage-discharge'!D12)^0.5)-B12 -> 0.00019675723 | F12: =C12*'field data'!$C$7/(1.65*grain_size_calculator!$G$17/1000) -> 0.56567812 | G12: =IF(F12>0.06+0.4*(F12^2),0.06+0.4*(F12^2),F12) -> 0.18799669 | H12: =G12/F12 -> 0.33233863 | I12: =(G12*1.65*9.81*(grain_size_calculator!$G$17/1000))^0.5 -> 0.051363229 | J12: =I12*(grain_size_calculator!$G$18^0.6)/grain_size_calculator!$G$20 -> 6.1181882 | K12: =$J$2*(J12^5)/((1+$J$2*J12^5)/0.3) -> 0.0012916256 | L12: =(F12*1.65*9.81*(grain_size_calculator!$G$17/1000))^0.5 -> 0.089096758 | M12: =11*C12/(EXP(0.41*'field data'!$C$9)) -> 0.90736987 | N12: =K12*L12*C12*S12/0.41 -> 5.2599163e-05 | O12: =N12*'field data'!$C$5*(1.65+1)*60*60*24*365.25 -> 329905.79 | P12: =O12*'field data'!C23 -> 1856.7195 | S12: =SUM(T12:AL12)*$U$3 -> 0.032421821 | T12: =(((1-T$6)*$U$2/(T$6*(1-$U$2)))^(grain_size_calculator!$G$20/(0.41*'stage-discharge'!$L12)))*LN(30*$C12*T$6/'stage-discharge'!$M12) -> 0.53789606 | U12: =(((1-U$6)*$U$2/(U$6*(1-$U$2)))^(grain_size_calculator!$G$20/(0.41*'stage-discharge'!$L12)))*LN(30*$C12*U$6/'stage-discharge'!$M12) -> 0.078798257 | V12: =(((1-V$6)*$U$2/(V$6*(1-$U$2)))^(grain_size_calculator!$G$20/(0.41*'stage-discharge'!$L12)))*LN(30*$C12*V$6/'stage-discharge'!$M12) -> 0.020177654 | W12: =(((1-W$6)*$U$2/(W$6*(1-$U$2)))^(grain_size_calculator!$G$20/(0.41*'stage-discharge'!$L12)))*LN(30*$C12*W$6/'stage-discharge'!$M12) -> 0.0067679422 | X12: =(((1-X$6)*$U$2/(X$6*(1-$U$2)))^(grain_size_calculator!$G$20/(0.41*'stage-discharge'!$L12)))*LN(30*$C12*X$6/'stage-discharge'!$M12) -> 0.0026502183 | Y12: =(((1-Y$6)*$U$2/(Y$6*(1-$U$2)))^(grain_size_calculator!$G$20/(0.41*'stage-discharge'!$L12)))*LN(30*$C12*Y$6/'stage-discharge'!$M12) -> 0.0011424583 | Z12: =(((1-Z$6)*$U$2/(Z$6*(1-$U$2)))^(grain_size_calculator!$G$20/(0.41*'stage-discharge'!$L12)))*LN(30*$C12*Z$6/'stage-discharge'!$M12) -> 0.00052350044 | AA12: =(((1-AA$6)*$U$2/(AA$6*(1-$U$2)))^(grain_size_calculator!$G$20/(0.41*'stage-discharge'!$L12)))*LN(30*$C12*AA$6/'stage-discharge'!$M12) -> 0.00024902925 | ... AL12: =(((1-AL$6)*$U$2/(AL$6*(1-$U$2)))^(grain_size_calculator!$G$20/(0.41*'stage-discharge'!$L12)))*LN(30*$C12*AL$6/'stage-discharge'!$M12) -> 1.2497003e-10
B13: 1575 | C13: 5.9831793 | D13: =IF(C13>'field data'!$C$6,'stage-discharge'!C13-'field data'!$C$6,0) -> 1.4831793 | E13: =(C13*'field data'!$C$5*'field data'!$C$9*((9.81*'field data'!$C$7*'stage-discharge'!C13)^0.5))+'stage-discharge'!D13*'field data'!$C$4*'field data'!$C$12*((9.81*'field data'!$C$11*'stage-discharge'!D13)^0.5)-B13 -> -1.8546189e-08 | F13: =C13*'field data'!$C$7/(1.65*grain_size_calculator!$G$17/1000) -> 0.58556436 | G13: =IF(F13>0.06+0.4*(F13^2),0.06+0.4*(F13^2),F13) -> 0.19715425 | H13: =G13/F13 -> 0.336691 | I13: =(G13*1.65*9.81*(grain_size_calculator!$G$17/1000))^0.5 -> 0.052599338 | J13: =I13*(grain_size_calculator!$G$18^0.6)/grain_size_calculator!$G$20 -> 6.2654288 | K13: =$J$2*(J13^5)/((1+$J$2*J13^5)/0.3) -> 0.0014539198 | L13: =(F13*1.65*9.81*(grain_size_calculator!$G$17/1000))^0.5 -> 0.090649315 | M13: =11*C13/(EXP(0.41*'field data'!$C$9)) -> 0.93926819 | N13: =K13*L13*C13*S13/0.41 -> 6.4611096e-05 | O13: =N13*'field data'!$C$5*(1.65+1)*60*60*24*365.25 -> 405245.51 | P13: =O13*'field data'!C24 -> 1397.4438 | S13: =SUM(T13:AL13)*$U$3 -> 0.033593402 | T13: =(((1-T$6)*$U$2/(T$6*(1-$U$2)))^(grain_size_calculator!$G$20/(0.41*'stage-discharge'!$L13)))*LN(30*$C13*T$6/'stage-discharge'!$M13) -> 0.55283405 | U13: =(((1-U$6)*$U$2/(U$6*(1-$U$2)))^(grain_size_calculator!$G$20/(0.41*'stage-discharge'!$L13)))*LN(30*$C13*U$6/'stage-discharge'!$M13) -> 0.083947086 | V13: =(((1-V$6)*$U$2/(V$6*(1-$U$2)))^(grain_size_calculator!$G$20/(0.41*'stage-discharge'!$L13)))*LN(30*$C13*V$6/'stage-discharge'!$M13) -> 0.022041566 | W13: =(((1-W$6)*$U$2/(W$6*(1-$U$2)))^(grain_size_calculator!$G$20/(0.41*'stage-discharge'!$L13)))*LN(30*$C13*W$6/'stage-discharge'!$M13) -> 0.0075416807 | X13: =(((1-X$6)*$U$2/(X$6*(1-$U$2)))^(grain_size_calculator!$G$20/(0.41*'stage-discharge'!$L13)))*LN(30*$C13*X$6/'stage-discharge'!$M13) -> 0.0030036788 | Y13: =(((1-Y$6)*$U$2/(Y$6*(1-$U$2)))^(grain_size_calculator!$G$20/(0.41*'stage-discharge'!$L13)))*LN(30*$C13*Y$6/'stage-discharge'!$M13) -> 0.0013145538 | Z13: =(((1-Z$6)*$U$2/(Z$6*(1-$U$2)))^(grain_size_calculator!$G$20/(0.41*'stage-discharge'!$L13)))*LN(30*$C13*Z$6/'stage-discharge'!$M13) -> 0.00061081999 | AA13: =(((1-AA$6)*$U$2/(AA$6*(1-$U$2)))^(grain_size_calculator!$G$20/(0.41*'stage-discharge'!$L13)))*LN(30*$C13*AA$6/'stage-discharge'!$M13) -> 0.00029443381 | ... AL13: =(((1-AL$6)*$U$2/(AL$6*(1-$U$2)))^(grain_size_calculator!$G$20/(0.41*'stage-discharge'!$L13)))*LN(30*$C13*AL$6/'stage-discharge'!$M13) -> 1.8998569e-10
B14: 1825 | C14: 6.1740528 | D14: =IF(C14>'field data'!$C$6,'stage-discharge'!C14-'field data'!$C$6,0) -> 1.6740528 | E14: =(C14*'field data'!$C$5*'field data'!$C$9*((9.81*'field data'!$C$7*'stage-discharge'!C14)^0.5))+'stage-discharge'!D14*'field data'!$C$4*'field data'!$C$12*((9.81*'field data'!$C$11*'stage-discharge'!D14)^0.5)-B14 -> -2.8066334e-05 | F14: =C14*'field data'!$C$7/(1.65*grain_size_calculator!$G$17/1000) -> 0.60424485 | G14: =IF(F14>0.06+0.4*(F14^2),0.06+0.4*(F14^2),F14) -> 0.20604474 | H14: =G14/F14 -> 0.34099544 | I14: =(G14*1.65*9.81*(grain_size_calculator!$G$17/1000))^0.5 -> 0.053772221 | J14: =I14*(grain_size_calculator!$G$18^0.6)/grain_size_calculator!$G$20 -> 6.405138 | K14: =$J$2*(J14^5)/((1+$J$2*J14^5)/0.3) -> 0.0016224959 | L14: =(F14*1.65*9.81*(grain_size_calculator!$G$17/1000))^0.5 -> 0.092083897 | M14: =11*C14/(EXP(0.41*'field data'!$C$9)) -> 0.96923243 | N14: =K14*L14*C14*S14/0.41 -> 7.8042986e-05 | O14: =N14*'field data'!$C$5*(1.65+1)*60*60*24*365.25 -> 489491.31 | P14: =O14*'field data'!C25 -> 796.20564 | S14: =SUM(T14:AL14)*$U$3 -> 0.034688067 | T14: =(((1-T$6)*$U$2/(T$6*(1-$U$2)))^(grain_size_calculator!$G$20/(0.41*'stage-discharge'!$L14)))*LN(30*$C14*T$6/'stage-discharge'!$M14) -> 0.56654006 | U14: =(((1-U$6)*$U$2/(U$6*(1-$U$2)))^(grain_size_calculator!$G$20/(0.41*'stage-discharge'!$L14)))*LN(30*$C14*U$6/'stage-discharge'!$M14) -> 0.088834534 | V14: =(((1-V$6)*$U$2/(V$6*(1-$U$2)))^(grain_size_calculator!$G$20/(0.41*'stage-discharge'!$L14)))*LN(30*$C14*V$6/'stage-discharge'!$M14) -> 0.023853287 | W14: =(((1-W$6)*$U$2/(W$6*(1-$U$2)))^(grain_size_calculator!$G$20/(0.41*'stage-discharge'!$L14)))*LN(30*$C14*W$6/'stage-discharge'!$M14) -> 0.0083080323 | X14: =(((1-X$6)*$U$2/(X$6*(1-$U$2)))^(grain_size_calculator!$G$20/(0.41*'stage-discharge'!$L14)))*LN(30*$C14*X$6/'stage-discharge'!$M14) -> 0.0033594173 | Y14: =(((1-Y$6)*$U$2/(Y$6*(1-$U$2)))^(grain_size_calculator!$G$20/(0.41*'stage-discharge'!$L14)))*LN(30*$C14*Y$6/'stage-discharge'!$M14) -> 0.0014902503 | Z14: =(((1-Z$6)*$U$2/(Z$6*(1-$U$2)))^(grain_size_calculator!$G$20/(0.41*'stage-discharge'!$L14)))*LN(30*$C14*Z$6/'stage-discharge'!$M14) -> 0.00070114903 | AA14: =(((1-AA$6)*$U$2/(AA$6*(1-$U$2)))^(grain_size_calculator!$G$20/(0.41*'stage-discharge'!$L14)))*LN(30*$C14*AA$6/'stage-discharge'!$M14) -> 0.00034199328 | ... AL14: =(((1-AL$6)*$U$2/(AL$6*(1-$U$2)))^(grain_size_calculator!$G$20/(0.41*'stage-discharge'!$L14)))*LN(30*$C14*AL$6/'stage-discharge'!$M14) -> 2.7628654e-10
B15: 2075 | C15: 6.3551664 | D15: =IF(C15>'field data'!$C$6,'stage-discharge'!C15-'field data'!$C$6,0) -> 1.8551664 | E15: =(C15*'field data'!$C$5*'field data'!$C$9*((9.81*'field data'!$C$7*'stage-discharge'!C15)^0.5))+'stage-discharge'!D15*'field data'!$C$4*'field data'!$C$12*((9.81*'field data'!$C$11*'stage-discharge'!D15)^0.5)-B15 -> 1.3828412e-07 | F15: =C15*'field data'!$C$7/(1.65*grain_size_calculator!$G$17/1000) -> 0.62197016 | G15: =IF(F15>0.06+0.4*(F15^2),0.06+0.4*(F15^2),F15) -> 0.21473875 | H15: =G15/F15 -> 0.34525571 | I15: =(G15*1.65*9.81*(grain_size_calculator!$G$17/1000))^0.5 -> 0.054894954 | J15: =I15*(grain_size_calculator!$G$18^0.6)/grain_size_calculator!$G$20 -> 6.5388736 | K15: =$J$2*(J15^5)/((1+$J$2*J15^5)/0.3) -> 0.0017980438 | L15: =(F15*1.65*9.81*(grain_size_calculator!$G$17/1000))^0.5 -> 0.093424759 | M15: =11*C15/(EXP(0.41*'field data'!$C$9)) -> 0.99766451 | N15: =K15*L15*C15*S15/0.41 -> 9.301172e-05 | O15: =N15*'field data'!$C$5*(1.65+1)*60*60*24*365.25 -> 583376.3 | P15: =O15*'field data'!C26 -> 683.22153 | S15: =SUM(T15:AL15)*$U$3 -> 0.03572172 | T15: =(((1-T$6)*$U$2/(T$6*(1-$U$2)))^(grain_size_calculator!$G$20/(0.41*'stage-discharge'!$L15)))*LN(30*$C15*T$6/'stage-discharge'!$M15) -> 0.5792637 | U15: =(((1-U$6)*$U$2/(U$6*(1-$U$2)))^(grain_size_calculator!$G$20/(0.41*'stage-discharge'!$L15)))*LN(30*$C15*U$6/'stage-discharge'!$M15) -> 0.093512589 | V15: =(((1-V$6)*$U$2/(V$6*(1-$U$2)))^(grain_size_calculator!$G$20/(0.41*'stage-discharge'!$L15)))*LN(30*$C15*V$6/'stage-discharge'!$M15) -> 0.02562479 | W15: =(((1-W$6)*$U$2/(W$6*(1-$U$2)))^(grain_size_calculator!$G$20/(0.41*'stage-discharge'!$L15)))*LN(30*$C15*W$6/'stage-discharge'!$M15) -> 0.009070169 | X15: =(((1-X$6)*$U$2/(X$6*(1-$U$2)))^(grain_size_calculator!$G$20/(0.41*'stage-discharge'!$L15)))*LN(30*$C15*X$6/'stage-discharge'!$M15) -> 0.0037183389 | Y15: =(((1-Y$6)*$U$2/(Y$6*(1-$U$2)))^(grain_size_calculator!$G$20/(0.41*'stage-discharge'!$L15)))*LN(30*$C15*Y$6/'stage-discharge'!$M15) -> 0.001669814 | Z15: =(((1-Z$6)*$U$2/(Z$6*(1-$U$2)))^(grain_size_calculator!$G$20/(0.41*'stage-discharge'!$L15)))*LN(30*$C15*Z$6/'stage-discharge'!$M15) -> 0.00079456832 | AA15: =(((1-AA$6)*$U$2/(AA$6*(1-$U$2)))^(grain_size_calculator!$G$20/(0.41*'stage-discharge'!$L15)))*LN(30*$C15*AA$6/'stage-discharge'!$M15) -> 0.00039173594 | ... AL15: =(((1-AL$6)*$U$2/(AL$6*(1-$U$2)))^(grain_size_calculator!$G$20/(0.41*'stage-discharge'!$L15)))*LN(30*$C15*AL$6/'stage-discharge'!$M15) -> 3.8802305e-10
B16: 2450 | C16: 6.6122269 | D16: =IF(C16>'field data'!$C$6,'stage-discharge'!C16-'field data'!$C$6,0) -> 2.1122269 | E16: =(C16*'field data'!$C$5*'field data'!$C$9*((9.81*'field data'!$C$7*'stage-discharge'!C16)^0.5))+'stage-discharge'!D16*'field data'!$C$4*'field data'!$C$12*((9.81*'field data'!$C$11*'stage-discharge'!D16)^0.5)-B16 -> 9.7453481e-06 | F16: =C16*'field data'!$C$7/(1.65*grain_size_calculator!$G$17/1000) -> 0.64712827 | G16: =IF(F16>0.06+0.4*(F16^2),0.06+0.4*(F16^2),F16) -> 0.22751 | H16: =G16/F16 -> 0.35156863 | I16: =(G16*1.65*9.81*(grain_size_calculator!$G$17/1000))^0.5 -> 0.056503774 | J16: =I16*(grain_size_calculator!$G$18^0.6)/grain_size_calculator!$G$20 -> 6.73051 | K16: =$J$2*(J16^5)/((1+$J$2*J16^5)/0.3) -> 0.0020754925 | L16: =(F16*1.65*9.81*(grain_size_calculator!$G$17/1000))^0.5 -> 0.095295501 | M16: =11*C16/(EXP(0.41*'field data'!$C$9)) -> 1.0380191 | N16: =K16*L16*C16*S16/0.41 -> 0.00011859764 | O16: =N16*'field data'!$C$5*(1.65+1)*60*60*24*365.25 -> 743853.05 | P16: =O16*'field data'!C27 -> 822.76598 | S16: =SUM(T16:AL16)*$U$3 -> 0.037180788 | T16: =(((1-T$6)*$U$2/(T$6*(1-$U$2)))^(grain_size_calculator!$G$20/(0.41*'stage-discharge'!$L16)))*LN(30*$C16*T$6/'stage-discharge'!$M16) -> 0.59687067 | U16: =(((1-U$6)*$U$2/(U$6*(1-$U$2)))^(grain_size_calculator!$G$20/(0.41*'stage-discharge'!$L16)))*LN(30*$C16*U$6/'stage-discharge'!$M16) -> 0.10021165 | V16: =(((1-V$6)*$U$2/(V$6*(1-$U$2)))^(grain_size_calculator!$G$20/(0.41*'stage-discharge'!$L16)))*LN(30*$C16*V$6/'stage-discharge'!$M16) -> 0.028223075 | W16: =(((1-W$6)*$U$2/(W$6*(1-$U$2)))^(grain_size_calculator!$G$20/(0.41*'stage-discharge'!$L16)))*LN(30*$C16*W$6/'stage-discharge'!$M16) -> 0.010209476 | X16: =(((1-X$6)*$U$2/(X$6*(1-$U$2)))^(grain_size_calculator!$G$20/(0.41*'stage-discharge'!$L16)))*LN(30*$C16*X$6/'stage-discharge'!$M16) -> 0.0042636603 | Y16: =(((1-Y$6)*$U$2/(Y$6*(1-$U$2)))^(grain_size_calculator!$G$20/(0.41*'stage-discharge'!$L16)))*LN(30*$C16*Y$6/'stage-discharge'!$M16) -> 0.0019466109 | Z16: =(((1-Z$6)*$U$2/(Z$6*(1-$U$2)))^(grain_size_calculator!$G$20/(0.41*'stage-discharge'!$L16)))*LN(30*$C16*Z$6/'stage-discharge'!$M16) -> 0.00094051232 | AA16: =(((1-AA$6)*$U$2/(AA$6*(1-$U$2)))^(grain_size_calculator!$G$20/(0.41*'stage-discharge'!$L16)))*LN(30*$C16*AA$6/'stage-discharge'!$M16) -> 0.00047043787 | ... AL16: =(((1-AL$6)*$U$2/(AL$6*(1-$U$2)))^(grain_size_calculator!$G$20/(0.41*'stage-discharge'!$L16)))*LN(30*$C16*AL$6/'stage-discharge'!$M16) -> 6.1334955e-10
B17: 2950 | C17: 6.9335333 | D17: =IF(C17>'field data'!$C$6,'stage-discharge'!C17-'field data'!$C$6,0) -> 2.4335333 | E17: =(C17*'field data'!$C$5*'field data'!$C$9*((9.81*'field data'!$C$7*'stage-discharge'!C17)^0.5))+'stage-discharge'!D17*'field data'!$C$4*'field data'!$C$12*((9.81*'field data'!$C$11*'stage-discharge'!D17)^0.5)-B17 -> 2.9478315e-07 | F17: =C17*'field data'!$C$7/(1.65*grain_size_calculator!$G$17/1000) -> 0.67857402 | G17: =IF(F17>0.06+0.4*(F17^2),0.06+0.4*(F17^2),F17) -> 0.24418508 | H17: =G17/F17 -> 0.35985032 | I17: =(G17*1.65*9.81*(grain_size_calculator!$G$17/1000))^0.5 -> 0.058537851 | J17: =I17*(grain_size_calculator!$G$18^0.6)/grain_size_calculator!$G$20 -> 6.9728013 | K17: =$J$2*(J17^5)/((1+$J$2*J17^5)/0.3) -> 0.0024736427 | L17: =(F17*1.65*9.81*(grain_size_calculator!$G$17/1000))^0.5 -> 0.097583373 | M17: =11*C17/(EXP(0.41*'field data'!$C$9)) -> 1.0884593 | N17: =K17*L17*C17*S17/0.41 -> 0.00015916925 | O17: =N17*'field data'!$C$5*(1.65+1)*60*60*24*365.25 -> 998321.17 | P17: =O17*'field data'!C28 -> 519.63755 | S17: =SUM(T17:AL17)*$U$3 -> 0.038992011 | T17: =(((1-T$6)*$U$2/(T$6*(1-$U$2)))^(grain_size_calculator!$G$20/(0.41*'stage-discharge'!$L17)))*LN(30*$C17*T$6/'stage-discharge'!$M17) -> 0.61816723 | U17: =(((1-U$6)*$U$2/(U$6*(1-$U$2)))^(grain_size_calculator!$G$20/(0.41*'stage-discharge'!$L17)))*LN(30*$C17*U$6/'stage-discharge'!$M17) -> 0.10866765 | V17: =(((1-V$6)*$U$2/(V$6*(1-$U$2)))^(grain_size_calculator!$G$20/(0.41*'stage-discharge'!$L17)))*LN(30*$C17*V$6/'stage-discharge'!$M17) -> 0.031602017 | W17: =(((1-W$6)*$U$2/(W$6*(1-$U$2)))^(grain_size_calculator!$G$20/(0.41*'stage-discharge'!$L17)))*LN(30*$C17*W$6/'stage-discharge'!$M17) -> 0.011726584 | X17: =(((1-X$6)*$U$2/(X$6*(1-$U$2)))^(grain_size_calculator!$G$20/(0.41*'stage-discharge'!$L17)))*LN(30*$C17*X$6/'stage-discharge'!$M17) -> 0.0050046175 | Y17: =(((1-Y$6)*$U$2/(Y$6*(1-$U$2)))^(grain_size_calculator!$G$20/(0.41*'stage-discharge'!$L17)))*LN(30*$C17*Y$6/'stage-discharge'!$M17) -> 0.0023295454 | Z17: =(((1-Z$6)*$U$2/(Z$6*(1-$U$2)))^(grain_size_calculator!$G$20/(0.41*'stage-discharge'!$L17)))*LN(30*$C17*Z$6/'stage-discharge'!$M17) -> 0.0011458036 | AA17: =(((1-AA$6)*$U$2/(AA$6*(1-$U$2)))^(grain_size_calculator!$G$20/(0.41*'stage-discharge'!$L17)))*LN(30*$C17*AA$6/'stage-discharge'!$M17) -> 0.00058290233 | ... AL17: =(((1-AL$6)*$U$2/(AL$6*(1-$U$2)))^(grain_size_calculator!$G$20/(0.41*'stage-discharge'!$L17)))*LN(30*$C17*AL$6/'stage-discharge'!$M17) -> 1.048416e-09
B18: 3450 | C18: 7.2357148 | D18: =IF(C18>'field data'!$C$6,'stage-discharge'!C18-'field data'!$C$6,0) -> 2.7357148 | E18: =(C18*'field data'!$C$5*'field data'!$C$9*((9.81*'field data'!$C$7*'stage-discharge'!C18)^0.5))+'stage-discharge'!D18*'field data'!$C$4*'field data'!$C$12*((9.81*'field data'!$C$11*'stage-discharge'!D18)^0.5)-B18 -> 1.9948154e-05 | F18: =C18*'field data'!$C$7/(1.65*grain_size_calculator!$G$17/1000) -> 0.70814805 | G18: =IF(F18>0.06+0.4*(F18^2),0.06+0.4*(F18^2),F18) -> 0.26058946 | H18: =G18/F18 -> 0.36798727 | I18: =(G18*1.65*9.81*(grain_size_calculator!$G$17/1000))^0.5 -> 0.060472182 | J18: =I18*(grain_size_calculator!$G$18^0.6)/grain_size_calculator!$G$20 -> 7.2032113 | K18: =$J$2*(J18^5)/((1+$J$2*J18^5)/0.3) -> 0.0029060273 | L18: =(F18*1.65*9.81*(grain_size_calculator!$G$17/1000))^0.5 -> 0.099687164 | M18: =11*C18/(EXP(0.41*'field data'!$C$9)) -> 1.1358972 | N18: =K18*L18*C18*S18/0.41 -> 0.00020799626 | O18: =N18*'field data'!$C$5*(1.65+1)*60*60*24*365.25 -> 1304567.7 | P18: =O18*'field data'!C29 -> 297.08104 | S18: =SUM(T18:AL18)*$U$3 -> 0.040683566 | T18: =(((1-T$6)*$U$2/(T$6*(1-$U$2)))^(grain_size_calculator!$G$20/(0.41*'stage-discharge'!$L18)))*LN(30*$C18*T$6/'stage-discharge'!$M18) -> 0.63751422 | U18: =(((1-U$6)*$U$2/(U$6*(1-$U$2)))^(grain_size_calculator!$G$20/(0.41*'stage-discharge'!$L18)))*LN(30*$C18*U$6/'stage-discharge'!$M18) -> 0.11668805 | V18: =(((1-V$6)*$U$2/(V$6*(1-$U$2)))^(grain_size_calculator!$G$20/(0.41*'stage-discharge'!$L18)))*LN(30*$C18*V$6/'stage-discharge'!$M18) -> 0.034904741 | W18: =(((1-W$6)*$U$2/(W$6*(1-$U$2)))^(grain_size_calculator!$G$20/(0.41*'stage-discharge'!$L18)))*LN(30*$C18*W$6/'stage-discharge'!$M18) -> 0.01324528 | X18: =(((1-X$6)*$U$2/(X$6*(1-$U$2)))^(grain_size_calculator!$G$20/(0.41*'stage-discharge'!$L18)))*LN(30*$C18*X$6/'stage-discharge'!$M18) -> 0.0057615741 | Y18: =(((1-Y$6)*$U$2/(Y$6*(1-$U$2)))^(grain_size_calculator!$G$20/(0.41*'stage-discharge'!$L18)))*LN(30*$C18*Y$6/'stage-discharge'!$M18) -> 0.0027279009 | Z18: =(((1-Z$6)*$U$2/(Z$6*(1-$U$2)))^(grain_size_calculator!$G$20/(0.41*'stage-discharge'!$L18)))*LN(30*$C18*Z$6/'stage-discharge'!$M18) -> 0.0013629605 | AA18: =(((1-AA$6)*$U$2/(AA$6*(1-$U$2)))^(grain_size_calculator!$G$20/(0.41*'stage-discharge'!$L18)))*LN(30*$C18*AA$6/'stage-discharge'!$M18) -> 0.00070376533 | ... AL18: =(((1-AL$6)*$U$2/(AL$6*(1-$U$2)))^(grain_size_calculator!$G$20/(0.41*'stage-discharge'!$L18)))*LN(30*$C18*AL$6/'stage-discharge'!$M18) -> 1.6795562e-09
B19: 3950 | C19: 7.52267 | D19: =IF(C19>'field data'!$C$6,'stage-discharge'!C19-'field data'!$C$6,0) -> 3.02267 | E19: =(C19*'field data'!$C$5*'field data'!$C$9*((9.81*'field data'!$C$7*'stage-discharge'!C19)^0.5))+'stage-discharge'!D19*'field data'!$C$4*'field data'!$C$12*((9.81*'field data'!$C$11*'stage-discharge'!D19)^0.5)-B19 -> 0.00020440059 | F19: =C19*'field data'!$C$7/(1.65*grain_size_calculator!$G$17/1000) -> 0.7362319 | G19: =IF(F19>0.06+0.4*(F19^2),0.06+0.4*(F19^2),F19) -> 0.27681496 | H19: =G19/F19 -> 0.37598882 | I19: =(G19*1.65*9.81*(grain_size_calculator!$G$17/1000))^0.5 -> 0.062326393 | J19: =I19*(grain_size_calculator!$G$18^0.6)/grain_size_calculator!$G$20 -> 7.4240777 | K19: =$J$2*(J19^5)/((1+$J$2*J19^5)/0.3) -> 0.0033743976 | L19: =(F19*1.65*9.81*(grain_size_calculator!$G$17/1000))^0.5 -> 0.10164465 | M19: =11*C19/(EXP(0.41*'field data'!$C$9)) -> 1.1809448 | N19: =K19*L19*C19*S19/0.41 -> 0.00026607456 | O19: =N19*'field data'!$C$5*(1.65+1)*60*60*24*365.25 -> 1668839.1 | P19: =O19*'field data'!C30 -> 108.58122 | S19: =SUM(T19:AL19)*$U$3 -> 0.042279946 | T19: =(((1-T$6)*$U$2/(T$6*(1-$U$2)))^(grain_size_calculator!$G$20/(0.41*'stage-discharge'!$L19)))*LN(30*$C19*T$6/'stage-discharge'!$M19) -> 0.65530795 | U19: =(((1-U$6)*$U$2/(U$6*(1-$U$2)))^(grain_size_calculator!$G$20/(0.41*'stage-discharge'!$L19)))*LN(30*$C19*U$6/'stage-discharge'!$M19) -> 0.12435179 | V19: =(((1-V$6)*$U$2/(V$6*(1-$U$2)))^(grain_size_calculator!$G$20/(0.41*'stage-discharge'!$L19)))*LN(30*$C19*V$6/'stage-discharge'!$M19) -> 0.038145818 | W19: =(((1-W$6)*$U$2/(W$6*(1-$U$2)))^(grain_size_calculator!$G$20/(0.41*'stage-discharge'!$L19)))*LN(30*$C19*W$6/'stage-discharge'!$M19) -> 0.014767478 | X19: =(((1-X$6)*$U$2/(X$6*(1-$U$2)))^(grain_size_calculator!$G$20/(0.41*'stage-discharge'!$L19)))*LN(30*$C19*X$6/'stage-discharge'!$M19) -> 0.0065340623 | Y19: =(((1-Y$6)*$U$2/(Y$6*(1-$U$2)))^(grain_size_calculator!$G$20/(0.41*'stage-discharge'!$L19)))*LN(30*$C19*Y$6/'stage-discharge'!$M19) -> 0.0031410113 | Z19: =(((1-Z$6)*$U$2/(Z$6*(1-$U$2)))^(grain_size_calculator!$G$20/(0.41*'stage-discharge'!$L19)))*LN(30*$C19*Z$6/'stage-discharge'!$M19) -> 0.0015915214 | AA19: =(((1-AA$6)*$U$2/(AA$6*(1-$U$2)))^(grain_size_calculator!$G$20/(0.41*'stage-discharge'!$L19)))*LN(30*$C19*AA$6/'stage-discharge'!$M19) -> 0.00083277325 | ... AL19: =(((1-AL$6)*$U$2/(AL$6*(1-$U$2)))^(grain_size_calculator!$G$20/(0.41*'stage-discharge'!$L19)))*LN(30*$C19*AL$6/'stage-discharge'!$M19) -> 2.5586675e-09
B20: 4450 | C20: 7.797085 | D20: =IF(C20>'field data'!$C$6,'stage-discharge'!C20-'field data'!$C$6,0) -> 3.297085 | E20: =(C20*'field data'!$C$5*'field data'!$C$9*((9.81*'field data'!$C$7*'stage-discharge'!C20)^0.5))+'stage-discharge'!D20*'field data'!$C$4*'field data'!$C$12*((9.81*'field data'!$C$11*'stage-discharge'!D20)^0.5)-B20 -> 2.2668073e-05 | F20: =C20*'field data'!$C$7/(1.65*grain_size_calculator!$G$17/1000) -> 0.76308847 | G20: =IF(F20>0.06+0.4*(F20^2),0.06+0.4*(F20^2),F20) -> 0.2929216 | H20: =G20/F20 -> 0.38386323 | I20: =(G20*1.65*9.81*(grain_size_calculator!$G$17/1000))^0.5 -> 0.064114006 | J20: =I20*(grain_size_calculator!$G$18^0.6)/grain_size_calculator!$G$20 -> 7.6370112 | K20: =$J$2*(J20^5)/((1+$J$2*J20^5)/0.3) -> 0.003880249 | L20: =(F20*1.65*9.81*(grain_size_calculator!$G$17/1000))^0.5 -> 0.10348196 | M20: =11*C20/(EXP(0.41*'field data'!$C$9)) -> 1.2240238 | N20: =K20*L20*C20*S20/0.41 -> 0.00033444721 | O20: =N20*'field data'!$C$5*(1.65+1)*60*60*24*365.25 -> 2097677.3 | P20: =O20*'field data'!C31 -> 68.24156 | S20: =SUM(T20:AL20)*$U$3 -> 0.043798064 | T20: =(((1-T$6)*$U$2/(T$6*(1-$U$2)))^(grain_size_calculator!$G$20/(0.41*'stage-discharge'!$L20)))*LN(30*$C20*T$6/'stage-discharge'!$M20) -> 0.67182399 | U20: =(((1-U$6)*$U$2/(U$6*(1-$U$2)))^(grain_size_calculator!$G$20/(0.41*'stage-discharge'!$L20)))*LN(30*$C20*U$6/'stage-discharge'!$M20) -> 0.13171366 | V20: =(((1-V$6)*$U$2/(V$6*(1-$U$2)))^(grain_size_calculator!$G$20/(0.41*'stage-discharge'!$L20)))*LN(30*$C20*V$6/'stage-discharge'!$M20) -> 0.041334693 | W20: =(((1-W$6)*$U$2/(W$6*(1-$U$2)))^(grain_size_calculator!$G$20/(0.41*'stage-discharge'!$L20)))*LN(30*$C20*W$6/'stage-discharge'!$M20) -> 0.016293893 | X20: =(((1-X$6)*$U$2/(X$6*(1-$U$2)))^(grain_size_calculator!$G$20/(0.41*'stage-discharge'!$L20)))*LN(30*$C20*X$6/'stage-discharge'!$M20) -> 0.007321331 | Y20: =(((1-Y$6)*$U$2/(Y$6*(1-$U$2)))^(grain_size_calculator!$G$20/(0.41*'stage-discharge'!$L20)))*LN(30*$C20*Y$6/'stage-discharge'!$M20) -> 0.0035681477 | Z20: =(((1-Z$6)*$U$2/(Z$6*(1-$U$2)))^(grain_size_calculator!$G$20/(0.41*'stage-discharge'!$L20)))*LN(30*$C20*Z$6/'stage-discharge'!$M20) -> 0.0018310103 | AA20: =(((1-AA$6)*$U$2/(AA$6*(1-$U$2)))^(grain_size_calculator!$G$20/(0.41*'stage-discharge'!$L20)))*LN(30*$C20*AA$6/'stage-discharge'!$M20) -> 0.00096966549 | ... AL20: =(((1-AL$6)*$U$2/(AL$6*(1-$U$2)))^(grain_size_calculator!$G$20/(0.41*'stage-discharge'!$L20)))*LN(30*$C20*AL$6/'stage-discharge'!$M20) -> 3.7438372e-09
B22: ='field data'!C8 -> 275 | C22: 4.5000007 | D22: =IF(C22>'field data'!$C$6,'stage-discharge'!C22-'field data'!$C$6,0) -> 7.2971055e-07 | E22: =(C22*'field data'!$C$5*'field data'!$C$9*((9.81*'field data'!$C$7*'stage-discharge'!C22)^0.5))+'stage-discharge'!D22*'field data'!$C$4*'field data'!$C$12*((9.81*'field data'!$C$11*'stage-discharge'!D22)^0.5)-B22 -> 6.7288162e-05 | F22: =C22*'field data'!$C$7/(1.65*grain_size_calculator!$G$17/1000) -> 0.44040801 | G22: =IF(F22>0.06+0.4*(F22^2),0.06+0.4*(F22^2),F22) -> 0.13758369 | H22: =G22/F22 -> 0.31240051 | I22: =(G22*1.65*9.81*(grain_size_calculator!$G$17/1000))^0.5 -> 0.043940063 | J22: =I22*(grain_size_calculator!$G$18^0.6)/grain_size_calculator!$G$20 -> 5.2339696 | K22: =$J$2*(J22^5)/((1+$J$2*J22^5)/0.3) -> 0.00059318851 | L22: =(F22*1.65*9.81*(grain_size_calculator!$G$17/1000))^0.5 -> 0.07861489 | M22: =11*C22/(EXP(0.41*'field data'!$C$9)) -> 0.70643171 | N22: =K22*L22*C22*S22/0.41 -> 1.2730648e-05 | O22: =N22*'field data'!$C$5*(1.65+1)*60*60*24*365.25 -> 79847.556 | P22: =O22*'field data'!C33 -> 0 | S22: =SUM(T22:AL22)*$U$3 -> 0.024872776 | T22: =(((1-T$6)*$U$2/(T$6*(1-$U$2)))^(grain_size_calculator!$G$20/(0.41*'stage-discharge'!$L22)))*LN(30*$C22*T$6/'stage-discharge'!$M22) -> 0.43459672 | U22: =(((1-U$6)*$U$2/(U$6*(1-$U$2)))^(grain_size_calculator!$G$20/(0.41*'stage-discharge'!$L22)))*LN(30*$C22*U$6/'stage-discharge'!$M22) -> 0.04814139 | V22: =(((1-V$6)*$U$2/(V$6*(1-$U$2)))^(grain_size_calculator!$G$20/(0.41*'stage-discharge'!$L22)))*LN(30*$C22*V$6/'stage-discharge'!$M22) -> 0.010142661 | W22: =(((1-W$6)*$U$2/(W$6*(1-$U$2)))^(grain_size_calculator!$G$20/(0.41*'stage-discharge'!$L22)))*LN(30*$C22*W$6/'stage-discharge'!$M22) -> 0.0029139287 | X22: =(((1-X$6)*$U$2/(X$6*(1-$U$2)))^(grain_size_calculator!$G$20/(0.41*'stage-discharge'!$L22)))*LN(30*$C22*X$6/'stage-discharge'!$M22) -> 0.0010000108 | Y22: =(((1-Y$6)*$U$2/(Y$6*(1-$U$2)))^(grain_size_calculator!$G$20/(0.41*'stage-discharge'!$L22)))*LN(30*$C22*Y$6/'stage-discharge'!$M22) -> 0.00038321888 | Z22: =(((1-Z$6)*$U$2/(Z$6*(1-$U$2)))^(grain_size_calculator!$G$20/(0.41*'stage-discharge'!$L22)))*LN(30*$C22*Z$6/'stage-discharge'!$M22) -> 0.00015752932 | AA22: =(((1-AA$6)*$U$2/(AA$6*(1-$U$2)))^(grain_size_calculator!$G$20/(0.41*'stage-discharge'!$L22)))*LN(30*$C22*AA$6/'stage-discharge'!$M22) -> 6.760842e-05 | ... AL22: =(((1-AL$6)*$U$2/(AL$6*(1-$U$2)))^(grain_size_calculator!$G$20/(0.41*'stage-discharge'!$L22)))*LN(30*$C22*AL$6/'stage-discharge'!$M22) -> 4.7931782e-12
E24: N* | F24: =0.455*(F22^0.353)/100 -> 0.0034063736
E25: qT | F25: =F24*(L22^3)/(1.65*9.81*(1/(('field data'!C9)^2))) -> 1.0984039e-05 | G25: m2/s
E26: GT | F26: =F25*'field data'!C5*(1.65+1)*60*60*24*365.25 -> 68892.692 | G26: tons/yr | H26: transport capacity of the bankfull flow | O26: Gsa | P26: =SUM(P7:P20) -> 54421.777 | Q26: annual load
O27: alpha n | P27: ='field data'!E32/'stage-discharge'!P26 -> 1.0012083 | Q27: site specific correction coefficient of the entrainment model

Sheet grain_size_calculator
B3: Dbj | C3: Ffj | D3: Dj | E3: Fj | F3: Dj
B4: mm | C4: - | D4: mm | F4: psi
B5: 3.71 | C5: 1 | D5: =(B5*B6)^0.5 -> 2.7239677 | E5: =C5-C6 -> 0.09 | F5: =LOG(D5,2) -> 1.4457096 | G5: =E5*F5 -> 0.13011386
B6: 2 | C6: 0.91 | D6: =(B6*B7)^0.5 -> 1.6733201 | E6: =C6-C7 -> 0.17 | F6: =LOG(D6,2) -> 0.74271341 | G6: =E6*F6 -> 0.12626128
B7: 1.4 | C7: 0.74 | D7: =(B7*B8)^0.5 -> 1.0908712 | E7: =C7-C8 -> 0.19 | F7: =LOG(D7,2) -> 0.12548079 | G7: =E7*F7 -> 0.023841349
B8: 0.85 | C8: 0.55 | D8: =(B8*B9)^0.5 -> 0.77685262 | E8: =C8-C9 -> 0.13 | F8: =LOG(D8,2) -> -0.36428716 | G8: =E8*F8 -> -0.047357331
B9: 0.71 | C9: 0.42 | D9: =(B9*B10)^0.5 -> 0.65268675 | E9: =C9-C10 -> 0.12 | F9: =LOG(D9,2) -> -0.61553733 | G9: =E9*F9 -> -0.07386448
B10: 0.6 | C10: 0.3 | D10: =(B10*B11)^0.5 -> 0.54772256 | E10: =C10-C11 -> 0.12 | F10: =LOG(D10,2) -> -0.8684828 | G10: =E10*F10 -> -0.10421794
B11: 0.5 | C11: 0.18 | D11: =(B11*B12)^0.5 -> 0.46097722 | E11: =C11-C12 -> 0.08 | F11: =LOG(D11,2) -> -1.1172326 | G11: =E11*F11 -> -0.08937861
B12: 0.425 | C12: 0.1 | D12: =(B12*B13)^0.5 -> 0.35707142 | E12: =C12-C13 -> 0.075 | F12: =LOG(D12,2) -> -1.4857154 | G12: =E12*F12 -> -0.11142866
B13: 0.3 | C13: 0.025 | D13: =(B13*B14)^0.5 -> 0.21213203 | E13: =C13-C14 -> 0.021 | F13: =LOG(D13,2) -> -2.2369656 | G13: =E13*F13 -> -0.046976277
B14: 0.15 | C14: 0.004 | D14: =(B14*B15)^0.5 -> 0.10606602 | E14: =C14-C15 -> 0.004 | F14: =LOG(D14,2) -> -3.2369656 | G14: =E14*F14 -> -0.012947862
B15: 0.075 | C15: 0
E16: =SUM(E5:E14) -> 1 | F16: Dsg | G16: =SUM(G5:G14) -> -0.20595466 | H16: psi
F17: Dsg | G17: =2^G16 -> 0.86696481 | H17: mm
F18: Rep | G18: =((1.65*9.81*(G17/1000))^0.5)*(G17/1000)/0.000001 -> 102.70195
F19: vs | G19: 13.52 | H19: cm/s
F20: vs | G20: =G19/100 -> 0.1352 | H20: m/s
